[
    {
        "country": "Afghanistan",
        "zone": "Asia/Kabul"
    },
    {
        "country": "Aland Islands",
        "zone": "Europe/Mariehamn"
    },
    {
        "country": "Albania",
        "zone": "Europe/Tirane"
    },
    {
        "country": "Algeria",
        "zone": "Africa/Algiers"
    },
    {
        "country": "American",
        "zone": "Pacific/Pago_Pago"
    },
    {
        "country": "Andorra",
        "zone": "Europe/Andorra"
    },
    {
        "country": "Angola",
        "zone": "Africa/Luanda"
    },
    {
        "country": "Anguilla",
        "zone": "America/Anguilla"
    },
    {
        "country": "Antarctica",
        "zone": "Antarctica/Casey"
    },
    {
        "country": "Antigua and Barbuda",
        "zone": "America/Antigua"
    },
    {
        "country": "Argentina",
        "zone": "America/Argentina/Buenos_Aires"
    },
    {
        "country": "Armenia",
        "zone": "Asia/Yerevan"
    },
    {
        "country": "Aruba",
        "zone": "America/Aruba"
    },
    {
        "country": "Australia",
        "zone": "Antarctica/Macquarie"
    },
    {
        "country": "Australia",
        "zone": "Australia/Sydney"
    },
    {
        "country": "Austria",
        "zone": "Europe/Vienna"
    },
    {
        "country": "Azerbaijan",
        "zone": "Asia/Baku"
    },
    {
        "country": "Bahamas",
        "zone": "America/Nassau"
    },
    {
        "country": "Bahrain",
        "zone": "Asia/Bahrain"
    },
    {
        "country": "Bangladesh",
        "zone": "Asia/Dhaka"
    },
    {
        "country": "Barbados",
        "zone": "America/Barbados"
    },
    {
        "country": "Belarus",
        "zone": "Europe/Minsk"
    },
    {
        "country": "Belgium",
        "zone": "Europe/Brussels"
    },
    {
        "country": "Belize",
        "zone": "America/Belize"
    },
    {
        "country": "Benin",
        "zone": "Africa/Porto-Novo"
    },
    {
        "country": "Bermuda",
        "zone": "Atlantic/Bermuda"
    },
    {
        "country": "Bhutan",
        "zone": "Asia/Thimphu"
    },
    {
        "country": "Bolivia",
        "zone": "America/La_Paz"
    },
    {
        "country": "Bonaire, Saint Eustatius and Saba",
        "zone": "America/Kralendijk"
    },
    {
        "country": "Bosnia and Herzegovina",
        "zone": "Europe/Sarajevo"
    },
    {
        "country": "Botswana",
        "zone": "Africa/Gaborone"
    },
    {
        "country": "Brazil Rio Branco",
        "zone": "America/Rio_Branco"
    },
    {
        "country": "British Indian Ocean Territory",
        "zone": "Indian/Chagos"
    },
    {
        "country": "British Virgin Islands",
        "zone": "America/Tortola"
    },
    {
        "country": "Brunei",
        "zone": "Asia/Brunei"
    },
    {
        "country": "Bulgaria",
        "zone": "Europe/Sofia"
    },
    {
        "country": "Burkina Faso",
        "zone": "Africa/Ouagadougou"
    },
    {
        "country": "Burundi",
        "zone": "Africa/Bujumbura"
    },
    {
        "country": "Cambodia",
        "zone": "Asia/Phnom_Penh"
    },
    {
        "country": "Cameroon",
        "zone": "Africa/Douala"
    },
    {
        "country": "Canada - Thunder Bay",
        "zone": "America/Thunder_Bay"
    },
    {
        "country": "Canada - Toronto",
        "zone": "America/Toronto"
    },
    {
        "country": "Cape Verde",
        "zone": "Atlantic/Cape_Verde"
    },
    {
        "country": "Cayman Islands",
        "zone": "America/Cayman"
    },
    {
        "country": "Central African Republic",
        "zone": "Africa/Bangui"
    },
    {
        "country": "Chad",
        "zone": "Africa/Ndjamena"
    },
    {
        "country": "Chile - Arenas",
        "zone": "America/Punta_Arenas"
    },
    {
        "country": "Chile - Santiago",
        "zone": "America/Santiago"
    },
    {
        "country": "Chile - Easter",
        "zone": "Pacific/Easter"
    },
    {
        "country": "China - Shanghai",
        "zone": "Asia/Shanghai"
    },
    {
        "country": "China - Urumqi",
        "zone": "Asia/Urumqi"
    },
    {
        "country": "Christmas Island",
        "zone": "Indian/Christmas"
    },
    {
        "country": "Cocos Islands",
        "zone": "Indian/Cocos"
    },
    {
        "country": "Colombia",
        "zone": "America/Bogota"
    },
    {
        "country": "Comoros",
        "zone": "Indian/Comoro"
    },
    {
        "country": "Cook Islands",
        "zone": "Pacific/Rarotonga"
    },
    {
        "country": "Costa Rica",
        "zone": "America/Costa_Rica"
    },
    {
        "country": "Croatia",
        "zone": "Europe/Zagreb"
    },
    {
        "country": "Cuba",
        "zone": "America/Havana"
    },
    {
        "country": "Curaçao",
        "zone": "America/Curacao"
    },
    {
        "country": "Cyprus",
        "zone": "Asia/Famagusta"
    },
    {
        "country": "Cyprus",
        "zone": "Asia/Nicosia"
    },
    {
        "country": "Czech Republic",
        "zone": "Europe/Prague"
    },
    {
        "country": "Democratic Republic of the Congo",
        "zone": "Africa/Kinshasa"
    },
    {
        "country": "Democratic Republic of the Congo",
        "zone": "Africa/Lubumbashi"
    },
    {
        "country": "Denmark",
        "zone": "Europe/Copenhagen"
    },
    {
        "country": "Djibouti",
        "zone": "Africa/Djibouti"
    },
    {
        "country": "Dominica",
        "zone": "America/Dominica"
    },
    {
        "country": "Dominican Republic",
        "zone": "America/Santo_Domingo"
    },
    {
        "country": "East Timor",
        "zone": "Asia/Dili"
    },
    {
        "country": "Ecuador",
        "zone": "America/Guayaquil"
    },
    {
        "country": "Ecuador",
        "zone": "Pacific/Galapagos"
    },
    {
        "country": "Egypt",
        "zone": "Africa/Cairo"
    },
    {
        "country": "El Salvador",
        "zone": "America/El_Salvador"
    },
    {
        "country": "Equatorial Guinea",
        "zone": "Africa/Malabo"
    },
    {
        "country": "Eritrea",
        "zone": "Africa/Asmara"
    },
    {
        "country": "Estonia",
        "zone": "Europe/Tallinn"
    },
    {
        "country": "Ethiopia",
        "zone": "Africa/Addis_Ababa"
    },
    {
        "country": "Falkland Islands",
        "zone": "Atlantic/Stanley"
    },
    {
        "country": "Faroe Islands",
        "zone": "Atlantic/Faroe"
    },
    {
        "country": "Fiji",
        "zone": "Pacific/Fiji"
    },
    {
        "country": "Finland",
        "zone": "Europe/Helsinki"
    },
    {
        "country": "France",
        "zone": "Europe/Paris"
    },
    {
        "country": "French Guiana",
        "zone": "America/Cayenne"
    },
    {
        "country": "French Polynesia",
        "zone": "Pacific/Gambier"
    },
    {
        "country": "French Polynesia",
        "zone": "Pacific/Marquesas"
    },
    {
        "country": "French Polynesia",
        "zone": "Pacific/Tahiti"
    },
    {
        "country": "French Southern Territories",
        "zone": "Indian/Kerguelen"
    },
    {
        "country": "Gabon",
        "zone": "Africa/Libreville"
    },
    {
        "country": "Gambia",
        "zone": "Africa/Banjul"
    },
    {
        "country": "Georgia",
        "zone": "Asia/Tbilisi"
    },
    {
        "country": "Germany",
        "zone": "Europe/Berlin"
    },
    {
        "country": "Germany",
        "zone": "Europe/Busingen"
    },
    {
        "country": "Ghana",
        "zone": "Africa/Accra"
    },
    {
        "country": "Gibraltar",
        "zone": "Europe/Gibraltar"
    },
    {
        "country": "Greece",
        "zone": "Europe/Athens"
    },
    {
        "country": "Greenland",
        "zone": "America/Danmarkshavn"
    },
    {
        "country": "Greenland",
        "zone": "America/Godthab"
    },
    {
        "country": "Greenland",
        "zone": "America/Scoresbysund"
    },
    {
        "country": "Greenland",
        "zone": "America/Thule"
    },
    {
        "country": "Grenada",
        "zone": "America/Grenada"
    },
    {
        "country": "Guadeloupe",
        "zone": "America/Guadeloupe"
    },
    {
        "country": "Guam",
        "zone": "Pacific/Guam"
    },
    {
        "country": "Guatemala",
        "zone": "America/Guatemala"
    },
    {
        "country": "Guernsey",
        "zone": "Europe/Guernsey"
    },
    {
        "country": "Guinea",
        "zone": "Africa/Conakry"
    },
    {
        "country": "Guinea-Bissau",
        "zone": "Africa/Bissau"
    },
    {
        "country": "Guyana",
        "zone": "America/Guyana"
    },
    {
        "country": "Haiti",
        "zone": "America/Port-au-Prince"
    },
    {
        "country": "Honduras",
        "zone": "America/Tegucigalpa"
    },
    {
        "country": "Hong Kong",
        "zone": "Asia/Hong_Kong"
    },
    {
        "country": "Hungary",
        "zone": "Europe/Budapest"
    },
    {
        "country": "Iceland",
        "zone": "Atlantic/Reykjavik"
    },
    {
        "country": "India",
        "zone": "Asia/Kolkata"
    },
    {
        "country": "Indonesia",
        "zone": "Asia/Jakarta"
    },
    {
        "country": "Indonesia",
        "zone": "Asia/Jayapura"
    },
    {
        "country": "Indonesia",
        "zone": "Asia/Makassar"
    },
    {
        "country": "Indonesia",
        "zone": "Asia/Pontianak"
    },
    {
        "country": "Iran",
        "zone": "Asia/Tehran"
    },
    {
        "country": "Iraq",
        "zone": "Asia/Baghdad"
    },
    {
        "country": "Ireland",
        "zone": "Europe/Dublin"
    },
    {
        "country": "Isle of Man",
        "zone": "Europe/Isle_of_Man"
    },
    {
        "country": "Israel",
        "zone": "Asia/Jerusalem"
    },
    {
        "country": "Italy",
        "zone": "Europe/Rome"
    },
    {
        "country": "Ivory Coast",
        "zone": "Africa/Abidjan"
    },
    {
        "country": "Jamaica",
        "zone": "America/Jamaica"
    },
    {
        "country": "Japan",
        "zone": "Asia/Tokyo"
    },
    {
        "country": "Jersey",
        "zone": "Europe/Jersey"
    },
    {
        "country": "Jordan",
        "zone": "Asia/Amman"
    },
    {
        "country": "Kazakhstan",
        "zone": "Asia/Almaty"
    },
    {
        "country": "Kazakhstan",
        "zone": "Asia/Aqtau"
    },
    {
        "country": "Kazakhstan",
        "zone": "Asia/Aqtobe"
    },
    {
        "country": "Kazakhstan",
        "zone": "Asia/Atyrau"
    },
    {
        "country": "Kazakhstan",
        "zone": "Asia/Oral"
    },
    {
        "country": "Kazakhstan",
        "zone": "Asia/Qostanay"
    },
    {
        "country": "Kazakhstan",
        "zone": "Asia/Qyzylorda"
    },
    {
        "country": "Kenya",
        "zone": "Africa/Nairobi"
    },
    {
        "country": "Kiribati",
        "zone": "Pacific/Enderbury"
    },
    {
        "country": "Kiribati",
        "zone": "Pacific/Kiritimati"
    },
    {
        "country": "Kiribati",
        "zone": "Pacific/Tarawa"
    },
    {
        "country": "Kuwait",
        "zone": "Asia/Kuwait"
    },
    {
        "country": "Kyrgyzstan",
        "zone": "Asia/Bishkek"
    },
    {
        "country": "Laos",
        "zone": "Asia/Vientiane"
    },
    {
        "country": "Latvia",
        "zone": "Europe/Riga"
    },
    {
        "country": "Lebanon",
        "zone": "Asia/Beirut"
    },
    {
        "country": "Lesotho",
        "zone": "Africa/Maseru"
    },
    {
        "country": "Liberia",
        "zone": "Africa/Monrovia"
    },
    {
        "country": "Libya",
        "zone": "Africa/Tripoli"
    },
    {
        "country": "Liechtenstein",
        "zone": "Europe/Vaduz"
    },
    {
        "country": "Lithuania",
        "zone": "Europe/Vilnius"
    },
    {
        "country": "Luxembourg",
        "zone": "Europe/Luxembourg"
    },
    {
        "country": "Macao",
        "zone": "Asia/Macau"
    },
    {
        "country": "Macedonia",
        "zone": "Europe/Skopje"
    },
    {
        "country": "Madagascar",
        "zone": "Indian/Antananarivo"
    },
    {
        "country": "Malawi",
        "zone": "Africa/Blantyre"
    },
    {
        "country": "Malaysia",
        "zone": "Asia/Kuala_Lumpur"
    },
    {
        "country": "Malaysia",
        "zone": "Asia/Kuching"
    },
    {
        "country": "Maldives",
        "zone": "Indian/Maldives"
    },
    {
        "country": "Mali",
        "zone": "Africa/Bamako"
    },
    {
        "country": "Malta",
        "zone": "Europe/Malta"
    },
    {
        "country": "Marshall Islands",
        "zone": "Pacific/Kwajalein"
    },
    {
        "country": "Marshall Islands",
        "zone": "Pacific/Majuro"
    },
    {
        "country": "Martinique",
        "zone": "America/Martinique"
    },
    {
        "country": "Mauritania",
        "zone": "Africa/Nouakchott"
    },
    {
        "country": "Mauritius",
        "zone": "Indian/Mauritius"
    },
    {
        "country": "Mayotte",
        "zone": "Indian/Mayotte"
    },
    {
        "country": "Mexico",
        "zone": "America/Bahia_Banderas"
    },
    {
        "country": "Mexico",
        "zone": "America/Cancun"
    },
    {
        "country": "Mexico",
        "zone": "America/Chihuahua"
    },
    {
        "country": "Mexico",
        "zone": "America/Hermosillo"
    },
    {
        "country": "Mexico",
        "zone": "America/Matamoros"
    },
    {
        "country": "Mexico",
        "zone": "America/Mazatlan"
    },
    {
        "country": "Mexico",
        "zone": "America/Merida"
    },
    {
        "country": "Mexico",
        "zone": "America/Mexico_City"
    },
    {
        "country": "Mexico",
        "zone": "America/Monterrey"
    },
    {
        "country": "Mexico",
        "zone": "America/Ojinaga"
    },
    {
        "country": "Mexico",
        "zone": "America/Tijuana"
    },
    {
        "country": "Micronesia",
        "zone": "Pacific/Chuuk"
    },
    {
        "country": "Micronesia",
        "zone": "Pacific/Kosrae"
    },
    {
        "country": "Micronesia",
        "zone": "Pacific/Pohnpei"
    },
    {
        "country": "Moldova",
        "zone": "Europe/Chisinau"
    },
    {
        "country": "Monaco",
        "zone": "Europe/Monaco"
    },
    {
        "country": "Mongolia",
        "zone": "Asia/Choibalsan"
    },
    {
        "country": "Mongolia",
        "zone": "Asia/Hovd"
    },
    {
        "country": "Mongolia",
        "zone": "Asia/Ulaanbaatar"
    },
    {
        "country": "Montenegro",
        "zone": "Europe/Podgorica"
    },
    {
        "country": "Montserrat",
        "zone": "America/Montserrat"
    },
    {
        "country": "Morocco",
        "zone": "Africa/Casablanca"
    },
    {
        "country": "Mozambique",
        "zone": "Africa/Maputo"
    },
    {
        "country": "Myanmar",
        "zone": "Asia/Yangon"
    },
    {
        "country": "Namibia",
        "zone": "Africa/Windhoek"
    },
    {
        "country": "Nauru",
        "zone": "Pacific/Nauru"
    },
    {
        "country": "Nepal",
        "zone": "Asia/Kathmandu"
    },
    {
        "country": "Netherlands",
        "zone": "Europe/Amsterdam"
    },
    {
        "country": "New Caledonia",
        "zone": "Pacific/Noumea"
    },
    {
        "country": "New Zealand",
        "zone": "Pacific/Auckland"
    },
    {
        "country": "New Zealand",
        "zone": "Pacific/Chatham"
    },
    {
        "country": "Nicaragua",
        "zone": "America/Managua"
    },
    {
        "country": "Niger",
        "zone": "Africa/Niamey"
    },
    {
        "country": "Nigeria",
        "zone": "Africa/Lagos"
    },
    {
        "country": "Niue",
        "zone": "Pacific/Niue"
    },
    {
        "country": "Norfolk Island",
        "zone": "Pacific/Norfolk"
    },
    {
        "country": "North Korea",
        "zone": "Asia/Pyongyang"
    },
    {
        "country": "Northern Mariana Islands",
        "zone": "Pacific/Saipan"
    },
    {
        "country": "Norway",
        "zone": "Europe/Oslo"
    },
    {
        "country": "Oman",
        "zone": "Asia/Muscat"
    },
    {
        "country": "Pakistan",
        "zone": "Asia/Karachi"
    },
    {
        "country": "Palau",
        "zone": "Pacific/Palau"
    },
    {
        "country": "Palestinian Territory",
        "zone": "Asia/Gaza"
    },
    {
        "country": "Palestinian Territory",
        "zone": "Asia/Hebron"
    },
    {
        "country": "Panama",
        "zone": "America/Panama"
    },
    {
        "country": "Papua New Guinea",
        "zone": "Pacific/Bougainville"
    },
    {
        "country": "Papua New Guinea",
        "zone": "Pacific/Port_Moresby"
    },
    {
        "country": "Paraguay",
        "zone": "America/Asuncion"
    },
    {
        "country": "Peru",
        "zone": "America/Lima"
    },
    {
        "country": "Philippines",
        "zone": "Asia/Manila"
    },
    {
        "country": "Pitcairn",
        "zone": "Pacific/Pitcairn"
    },
    {
        "country": "Poland",
        "zone": "Europe/Warsaw"
    },
    {
        "country": "Portugal",
        "zone": "Atlantic/Azores"
    },
    {
        "country": "Portugal",
        "zone": "Atlantic/Madeira"
    },
    {
        "country": "Portugal",
        "zone": "Europe/Lisbon"
    },
    {
        "country": "Puerto Rico",
        "zone": "America/Puerto_Rico"
    },
    {
        "country": "Qatar",
        "zone": "Asia/Qatar"
    },
    {
        "country": "Republic of the Congo",
        "zone": "Africa/Brazzaville"
    },
    {
        "country": "Reunion",
        "zone": "Indian/Reunion"
    },
    {
        "country": "Romania",
        "zone": "Europe/Bucharest"
    },
    {
        "country": "Russia",
        "zone": "Asia/Anadyr"
    },
    {
        "country": "Russia",
        "zone": "Asia/Barnaul"
    },
    {
        "country": "Russia",
        "zone": "Asia/Chita"
    },
    {
        "country": "Russia",
        "zone": "Asia/Irkutsk"
    },
    {
        "country": "Russia",
        "zone": "Asia/Kamchatka"
    },
    {
        "country": "Russia",
        "zone": "Asia/Khandyga"
    },
    {
        "country": "Russia",
        "zone": "Asia/Krasnoyarsk"
    },
    {
        "country": "Russia",
        "zone": "Asia/Magadan"
    },
    {
        "country": "Russia",
        "zone": "Asia/Novokuznetsk"
    },
    {
        "country": "Russia",
        "zone": "Asia/Novosibirsk"
    },
    {
        "country": "Russia",
        "zone": "Asia/Omsk"
    },
    {
        "country": "Russia",
        "zone": "Asia/Sakhalin"
    },
    {
        "country": "Russia",
        "zone": "Asia/Srednekolymsk"
    },
    {
        "country": "Russia",
        "zone": "Asia/Tomsk"
    },
    {
        "country": "Russia",
        "zone": "Asia/Ust-Nera"
    },
    {
        "country": "Russia",
        "zone": "Asia/Vladivostok"
    },
    {
        "country": "Russia",
        "zone": "Asia/Yakutsk"
    },
    {
        "country": "Russia",
        "zone": "Asia/Yekaterinburg"
    },
    {
        "country": "Russia",
        "zone": "Europe/Astrakhan"
    },
    {
        "country": "Russia",
        "zone": "Europe/Kaliningrad"
    },
    {
        "country": "Russia",
        "zone": "Europe/Kirov"
    },
    {
        "country": "Russia",
        "zone": "Europe/Moscow"
    },
    {
        "country": "Russia",
        "zone": "Europe/Samara"
    },
    {
        "country": "Russia",
        "zone": "Europe/Saratov"
    },
    {
        "country": "Russia",
        "zone": "Europe/Ulyanovsk"
    },
    {
        "country": "Russia",
        "zone": "Europe/Volgograd"
    },
    {
        "country": "Rwanda",
        "zone": "Africa/Kigali"
    },
    {
        "country": "Saint Barthélemy",
        "zone": "America/St_Barthelemy"
    },
    {
        "country": "Saint Helena",
        "zone": "Atlantic/St_Helena"
    },
    {
        "country": "Saint Kitts and Nevis",
        "zone": "America/St_Kitts"
    },
    {
        "country": "Saint Lucia",
        "zone": "America/St_Lucia"
    },
    {
        "country": "Saint Martin",
        "zone": "America/Marigot"
    },
    {
        "country": "Saint Pierre and Miquelon",
        "zone": "America/Miquelon"
    },
    {
        "country": "Saint Vincent and the Grenadines",
        "zone": "America/St_Vincent"
    },
    {
        "country": "Samoa",
        "zone": "Pacific/Apia"
    },
    {
        "country": "San Marino",
        "zone": "Europe/San_Marino"
    },
    {
        "country": "Sao Tome and Principe",
        "zone": "Africa/Sao_Tome"
    },
    {
        "country": "Saudi Arabia",
        "zone": "Asia/Riyadh"
    },
    {
        "country": "Senegal",
        "zone": "Africa/Dakar"
    },
    {
        "country": "Serbia",
        "zone": "Europe/Belgrade"
    },
    {
        "country": "Seychelles",
        "zone": "Indian/Mahe"
    },
    {
        "country": "Sierra Leone",
        "zone": "Africa/Freetown"
    },
    {
        "country": "Singapore",
        "zone": "Asia/Singapore"
    },
    {
        "country": "Sint Maarten",
        "zone": "America/Lower_Princes"
    },
    {
        "country": "Slovakia",
        "zone": "Europe/Bratislava"
    },
    {
        "country": "Slovenia",
        "zone": "Europe/Ljubljana"
    },
    {
        "country": "Solomon Islands",
        "zone": "Pacific/Guadalcanal"
    },
    {
        "country": "Somalia",
        "zone": "Africa/Mogadishu"
    },
    {
        "country": "South Africa",
        "zone": "Africa/Johannesburg"
    },
    {
        "country": "South Georgia and the South Sandwich Islands",
        "zone": "Atlantic/South_Georgia"
    },
    {
        "country": "South Korea",
        "zone": "Asia/Seoul"
    },
    {
        "country": "South Sudan",
        "zone": "Africa/Juba"
    },
    {
        "country": "Spain",
        "zone": "Africa/Ceuta"
    },
    {
        "country": "Spain",
        "zone": "Atlantic/Canary"
    },
    {
        "country": "Spain",
        "zone": "Europe/Madrid"
    },
    {
        "country": "Sri Lanka",
        "zone": "Asia/Colombo"
    },
    {
        "country": "Sudan",
        "zone": "Africa/Khartoum"
    },
    {
        "country": "Suriname",
        "zone": "America/Paramaribo"
    },
    {
        "country": "Svalbard and Jan Mayen",
        "zone": "Arctic/Longyearbyen"
    },
    {
        "country": "Swaziland",
        "zone": "Africa/Mbabane"
    },
    {
        "country": "Sweden",
        "zone": "Europe/Stockholm"
    },
    {
        "country": "Switzerland",
        "zone": "Europe/Zurich"
    },
    {
        "country": "Syria",
        "zone": "Asia/Damascus"
    },
    {
        "country": "Taiwan",
        "zone": "Asia/Taipei"
    },
    {
        "country": "Tajikistan",
        "zone": "Asia/Dushanbe"
    },
    {
        "country": "Tanzania",
        "zone": "Africa/Dar_es_Salaam"
    },
    {
        "country": "Thailand",
        "zone": "Asia/Bangkok"
    },
    {
        "country": "Togo",
        "zone": "Africa/Lome"
    },
    {
        "country": "Tokelau",
        "zone": "Pacific/Fakaofo"
    },
    {
        "country": "Tonga",
        "zone": "Pacific/Tongatapu"
    },
    {
        "country": "Trinidad and Tobago",
        "zone": "America/Port_of_Spain"
    },
    {
        "country": "Tunisia",
        "zone": "Africa/Tunis"
    },
    {
        "country": "Turkey",
        "zone": "Europe/Istanbul"
    },
    {
        "country": "Turkmenistan",
        "zone": "Asia/Ashgabat"
    },
    {
        "country": "Turks and Caicos Islands",
        "zone": "America/Grand_Turk"
    },
    {
        "country": "Tuvalu",
        "zone": "Pacific/Funafuti"
    },
    {
        "country": "U.S. Virgin Islands",
        "zone": "America/St_Thomas"
    },
    {
        "country": "Uganda",
        "zone": "Africa/Kampala"
    },
    {
        "country": "Ukraine",
        "zone": "Europe/Kiev"
    },
    {
        "country": "Ukraine",
        "zone": "Europe/Simferopol"
    },
    {
        "country": "Ukraine",
        "zone": "Europe/Uzhgorod"
    },
    {
        "country": "Ukraine",
        "zone": "Europe/Zaporozhye"
    },
    {
        "country": "United Arab Emirates",
        "zone": "Asia/Dubai"
    },
    {
        "country": "United Kingdom",
        "zone": "Europe/London"
    },
    {
        "country": "United States",
        "zone": "America/Adak"
    },
    {
        "country": "United States",
        "zone": "America/Anchorage"
    },
    {
        "country": "United States",
        "zone": "America/Boise"
    },
    {
        "country": "United States",
        "zone": "America/Chicago"
    },
    {
        "country": "United States",
        "zone": "America/Denver"
    },
    {
        "country": "United States",
        "zone": "America/Detroit"
    },
    {
        "country": "United States",
        "zone": "America/Indiana/Indianapolis"
    },
    {
        "country": "United States",
        "zone": "America/Indiana/Knox"
    },
    {
        "country": "United States",
        "zone": "America/Indiana/Marengo"
    },
    {
        "country": "United States",
        "zone": "America/Indiana/Petersburg"
    },
    {
        "country": "United States",
        "zone": "America/Indiana/Tell_City"
    },
    {
        "country": "United States",
        "zone": "America/Indiana/Vevay"
    },
    {
        "country": "United States",
        "zone": "America/Indiana/Vincennes"
    },
    {
        "country": "United States",
        "zone": "America/Indiana/Winamac"
    },
    {
        "country": "United States",
        "zone": "America/Juneau"
    },
    {
        "country": "United States",
        "zone": "America/Kentucky/Louisville"
    },
    {
        "country": "United States",
        "zone": "America/Kentucky/Monticello"
    },
    {
        "country": "United States",
        "zone": "America/Los_Angeles"
    },
    {
        "country": "United States",
        "zone": "America/Menominee"
    },
    {
        "country": "United States",
        "zone": "America/Metlakatla"
    },
    {
        "country": "United States",
        "zone": "America/New_York"
    },
    {
        "country": "United States",
        "zone": "America/Nome"
    },
    {
        "country": "United States",
        "zone": "America/North_Dakota/Beulah"
    },
    {
        "country": "United States",
        "zone": "America/North_Dakota/Center"
    },
    {
        "country": "United States",
        "zone": "America/North_Dakota/New_Salem"
    },
    {
        "country": "United States",
        "zone": "America/Phoenix"
    },
    {
        "country": "United States",
        "zone": "America/Sitka"
    },
    {
        "country": "United States",
        "zone": "America/Yakutat"
    },
    {
        "country": "United States",
        "zone": "Pacific/Honolulu"
    },
    {
        "country": "United States Minor Outlying Islands",
        "zone": "Pacific/Midway"
    },
    {
        "country": "United States Minor Outlying Islands",
        "zone": "Pacific/Wake"
    },
    {
        "country": "Uruguay",
        "zone": "America/Montevideo"
    },
    {
        "country": "Uzbekistan",
        "zone": "Asia/Samarkand"
    },
    {
        "country": "Uzbekistan",
        "zone": "Asia/Tashkent"
    },
    {
        "country": "Vanuatu",
        "zone": "Pacific/Efate"
    },
    {
        "country": "Vatican",
        "zone": "Europe/Vatican"
    },
    {
        "country": "Venezuela",
        "zone": "America/Caracas"
    },
    {
        "country": "Vietnam",
        "zone": "Asia/Ho_Chi_Minh"
    },
    {
        "country": "Wallis and Futuna",
        "zone": "Pacific/Wallis"
    },
    {
        "country": "Western Sahara",
        "zone": "Africa/El_Aaiun"
    },
    {
        "country": "Yemen",
        "zone": "Asia/Aden"
    },
    {
        "country": "Zambia",
        "zone": "Africa/Lusaka"
    },
    {
        "country": "Zimbabwe",
        "zone": "Africa/Harare"
    }
]